city_name_cn,city_en,population_2022,ev_stock_2022,ev_stock_per_100_people
安康市,Ankang,2514953.518986,4499,0.17889
安庆市,Anqing,4182100.293047,15461,0.369695
安顺市,Anshun,2520139.358956,7680,0.304745
安阳市,Anyang,5533288.009137,32483,0.587047
白银市,Baiyin,1525895.82312,2813,0.184351
保定市,Baoding,11578340.075624,74578,0.644117
宝鸡市,Baoji,3345238.825699,11564,0.345685
包头市,Baotou,2734413.082439,11430,0.418006
北京市,Beijing,22192219.807586,712049,3.208552
蚌埠市,Bengbu,3327396.529233,11407,0.342821
滨州市,Binzhou,3958182.071637,31832,0.804208
亳州市,Bozhou,5044903.637902,26594,0.527146
沧州市,Cangzhou,7438519.439932,36162,0.486145
长春市,Changchun,8285550.126407,52934,0.638871
常德市,Changde,5272320.340599,16801,0.318664
长沙市,Changsha,10220193.206019,209355,2.048445
常州市,Changzhou,5328753.383458,70089,1.315298
承德市,Chengde,3377473.154486,5467,0.161867
成都市,Chengdu,21270106.147705,398049,1.871401
池州市,Chizhou,1350013.074072,5834,0.432144
重庆市,Chongqing,32360145.486578,276327,0.853911
滁州市,Chuzhou,4020271.897051,15503,0.385621
大理白族自治州,Dali,3380386.220632,8676,0.256657
大连市,Dalian,7477265.289028,37335,0.499314
大同市,Datong,3133086.467704,10986,0.350645
达州市,Dazhou,5424103.956529,6119,0.112811
德阳市,Deyang,3468168.640877,13093,0.377519
德州市,Dezhou,5651383.057264,35465,0.627545
东莞市,Dongguan,10812530.508034,161602,1.494581
东营市,Dongying,2212478.560775,22760,1.028711
恩施土家族苗族自治州,Enshi,3476904.437943,11110,0.319537
鄂州市,Ezhou,1082624.14637,3786,0.349706
佛山市,Foshan,9760435.918131,154533,1.583259
阜阳市,Fuyang,8296519.494808,36108,0.435219
福州市,Fuzhou,8423759.210477,88578,1.051526
赣州市,Ganzhou,9117392.226297,32010,0.351087
甘孜藏族自治州,Ganzi,1134222.766247,544,0.047962
广元市,Guangyuan,2314819.873479,4194,0.18118
广州市,Guangzhou,19215575.42525,541960,2.82042
贵阳市,Guiyang,6140004.609235,79721,1.298387
固原市,Guyuan,1163339.591959,921,0.079169
海口市,Haikou,2941293.891159,132602,4.508288
邯郸市,Handan,9535076.771299,48929,0.513147
杭州市,Hangzhou,12160062.212619,520772,4.282643
汉中市,Hanzhong,3227494.293331,8501,0.263393
哈尔滨市,Harbin,10106730.001157,26794,0.26511
合肥市,Hefei,9523331.094595,156544,1.643795
衡水市,Hengshui,4246735.897226,14648,0.344924
衡阳市,Hengyang,6705847.327192,18614,0.277579
菏泽市,Heze,8861153.107647,62205,0.701997
呼和浩特市,Hohhot,3505424.992977,19770,0.563983
红河哈尼族彝族自治州,Honghe,4551907.039581,17234,0.378611
淮安市,Huaian,4583571.384217,30197,0.658809
怀化市,Huaihua,4610124.319585,10261,0.222575
淮南市,Huainan,3053233.723973,8756,0.286778
黄冈市,Huanggang,5913483.387832,14813,0.250495
黄石市,Huangshi,2515078.925401,10664,0.424003
惠州市,Huizhou,6186142.352697,51407,0.831003
葫芦岛市,Huludao,2441483.725033,3161,0.12947
湖州市,Huzhou,3391396.424591,59327,1.749338
吉安市,Jian,4516631.030802,11834,0.262009
江门市,Jiangmen,4861403.572183,33597,0.691097
焦作市,Jiaozuo,3568858.79701,30953,0.867308
嘉兴市,Jiaxing,5468928.158136,87548,1.600826
济南市,Jinan,9321185.584776,123062,1.32024
晋城市,Jincheng,2223835.459649,16998,0.764355
景德镇市,Jingdezhen,1642794.919091,6446,0.39238
荆门市,Jingmen,2604694.770837,6023,0.231236
金华市,Jinhua,7163162.475278,112697,1.573286
济宁市,Jining,8433109.765093,89279,1.058672
晋中市,Jinzhong,3433723.380645,15511,0.451725
九江市,Jiujiang,4659201.298725,23706,0.5088
开封市,Kaifeng,4882886.316264,30392,0.622419
昆明市,Kunming,8652029.014245,108185,1.2504
廊坊市,Langfang,5532447.611827,35948,0.649767
兰州市,Lanzhou,4449881.046299,27264,0.612691
乐山市,Leshan,3172427.861561,9587,0.302198
连云港市,Lianyungang,4639329.507249,27986,0.603234
聊城市,Liaocheng,5999530.895869,35515,0.591963
临沂市,Linyi,11101432.075393,72645,0.654375
丽水市,Lishui,2522206.384569,23580,0.934896
柳州市,Liuzhou,4210696.816125,147770,3.509395
龙岩市,Longyan,2744479.342049,11491,0.418695
娄底市,Loudi,3862822.431752,8124,0.210313
六安市,Luan,4422074.990269,14915,0.337285
洛阳市,Luoyang,7150965.781076,76596,1.071128
吕梁市,Lvliang,3452882.050324,12424,0.359815
马鞍山市,Maanshan,2187401.859362,14286,0.653104
眉山市,Meishan,2969628.029174,9448,0.318154
绵阳市,Mianyang,4894526.477113,22032,0.450135
南昌市,Nanchang,6413645.242539,100433,1.565927
南充市,Nanchong,5632149.200323,12996,0.230747
南京市,Nanjing,9458354.446342,176587,1.866995
南宁市,Nanning,8905204.843372,131230,1.473633
南平市,Nanping,2693232.219338,11337,0.420944
南通市,Nantong,7691709.992167,77777,1.01118
南阳市,Nanyang,9780192.793946,37400,0.382406
宁波市,Ningbo,9522663.238986,167312,1.756987
宁德市,Ningde,3172129.381126,14261,0.449572
鄂尔多斯市,Ordos,2178766.39798,15546,0.713523
平顶山市,Pingdingshan,5026429.311106,21933,0.436353
萍乡市,Pingxiang,1825586.75915,9505,0.520655
莆田市,Putian,3251126.940997,19734,0.60699
濮阳市,Puyang,3809755.897938,34551,0.906908
黔东南苗族侗族自治州,Qiandongnan,3810209.97803,8903,0.233662
青岛市,Qingdao,10167109.000736,165057,1.623441
清远市,Qingyuan,4025453.879645,18481,0.459104
秦皇岛市,Qinhuangdao,3153289.425195,13179,0.417945
泉州市,Quanzhou,8924918.488053,69796,0.782035
曲靖市,Qujing,5873101.729227,16541,0.28164
衢州市,Quzhou,2282174.05891,19695,0.862993
日照市,Rizhao,2989388.448704,16292,0.544994
三门峡市,Sanmenxia,2053043.545007,12070,0.587908
三明市,Sanming,2501502.651742,7920,0.31661
三亚市,Sanya,1058060.806729,39619,3.744492
上海市,Shanghai,25148890.653614,998341,3.969722
商丘市,Shangqiu,7911056.587348,47498,0.6004
上饶市,Shangrao,6574741.133673,15186,0.230975
韶关市,Shaoguan,2883686.906566,7645,0.265112
绍兴市,Shaoxing,5315492.68847,61589,1.15867
邵阳市,Shaoyang,6602965.775289,13784,0.208755
沈阳市,Shenyang,9148402.067602,53017,0.579522
深圳市,Shenzhen,18070909.65322,771541,4.269519
石家庄市,Shijiazhuang,11374707.319254,107302,0.943339
十堰市,Shiyan,3232916.614788,13998,0.432984
石嘴山市,Shizuishan,760739.239983,719,0.094513
朔州市,Shuozhou,1617606.883658,5459,0.337474
遂宁市,Suining,2826322.548633,5579,0.197394
随州市,Suizhou,2055285.45826,3279,0.15954
宿迁市,Suqian,5029307.487384,21776,0.432982
宿州市,Suzhou_Anhui,5382147.866967,19229,0.357274
苏州市,Suzhou_Jiangsu,12931070.739672,239195,1.849769
漯河市,Tahe,2386071.832407,17116,0.71733
泰安市,Taian,5503394.111878,19155,0.348058
太原市,Taiyuan,5401630.845801,107799,1.995675
泰州市,Taizhou,4503493.971554,32534,0.722417
唐山市,Tangshan,7714014.329204,63809,0.827183
天津市,Tianjin,14070940.551152,374669,2.662715
铁岭市,Tieling,2391466.954945,2223,0.092955
铜川市,Tongchuan,703077.54621,2209,0.31419
铜陵市,Tongling,1317909.375648,7252,0.550265
潍坊市,Weifang,9446416.643534,105648,1.118392
渭南市,Weinan,4720763.585032,11948,0.253095
温州市,Wenzhou,9704276.593253,172359,1.776114
武汉市,Wuhan,12693219.740263,231914,1.82707
芜湖市,Wuhu,3678517.603669,54980,1.494624
无锡市,Wuxi,7535061.696583,133234,1.768187
吴忠市,Wuzhong,1410503.243392,1247,0.088408
梧州市,Wuzhou,2858394.222999,9818,0.34348
西安市,Xi'an,12434133.909525,227215,1.827349
厦门市,Xiamen,5306004.201911,119559,2.253278
湘潭市,Xiangtan,2743656.869006,11071,0.403513
湘西土家族苗族自治州,Xiangxi,2515507.550006,6516,0.259033
襄阳市,Xiangyang,5281741.490234,32815,0.621291
咸宁市,Xianning,2687197.296076,7544,0.280739
咸阳市,Xianyang,5047110.878747,19001,0.376473
孝感市,Xiaogan,4299659.221426,8037,0.186922
邢台市,Xingtai,7180562.447625,37061,0.516129
新乡市,Xinxiang,6321457.194484,40442,0.639758
信阳市,Xinyang,6273076.225174,15034,0.239659
忻州市,Xinzhou,2711081.224601,10043,0.370443
宣城市,Xuancheng,2502664.792435,12491,0.499108
徐州市,Xuzhou,9136406.961132,75289,0.824055
雅安市,Yaan,1447319.593938,3883,0.268289
延安市,Yanan,2311117.234821,5001,0.216389
盐城市,Yancheng,6701555.688687,32986,0.492214
阳泉市,Yangquan,1330419.450579,9411,0.707371
扬州市,Yangzhou,4565379.755569,36261,0.79426
烟台市,Yantai,7113275.384465,41675,0.585876
宜宾市,Yibin,4637490.771061,12148,0.261952
宜昌市,Yichang,3762237.143192,22856,0.607511
宜春市,Yichun,5070618.299589,14563,0.287204
银川市,Yinchuan,2922869.743499,20494,0.70116
营口市,Yingkou,2331256.724083,6205,0.266165
鹰潭市,Yingtan,1169103.804608,3819,0.32666
益阳市,Yiyang,3853546.252166,8874,0.230281
永州市,Yongzhou,5332524.118135,9607,0.180159
岳阳市,Yueyang,5082533.507898,15681,0.308527
玉林市,Yulin_Guangxi,5881341.172064,18420,0.313194
榆林市,Yulin_Shaanxi,3672073.296443,11571,0.315108
运城市,Yuncheng,4836615.867418,31519,0.651675
云浮市,Yunfu,2414840.187213,7608,0.315052
枣庄市,Zaozhuang,3890403.602022,28916,0.743265
张家界市,Zhangjiajie,1522696.78922,4095,0.268931
张家口市,Zhangjiakou,4128783.308638,7885,0.190976
长治市,Zhangzhi,3219903.624814,20567,0.638746
漳州市,Zhangzhou,5111901.723299,19385,0.379213
湛江市,Zhanjiang,7097857.884784,13335,0.187874
肇庆市,Zhaoqing,4181370.270812,15964,0.381789
郑州市,Zhengzhou,12902405.02738,316398,2.45224
镇江市,Zhenjiang,3231261.475091,25958,0.80334
中卫市,Zhongwei,1088467.759924,947,0.087003
周口市,Zhoukou,9125867.423066,28795,0.315532
舟山市,Zhoushan,1149191.597563,6452,0.561438
珠海市,Zhuhai,2509776.364786,37868,1.50882
驻马店市,Zhumadian,7051871.253928,42930,0.608775
株洲市,Zhuzhou,3927165.362018,16448,0.418826
淄博市,Zibo,4739416.904351,41487,0.875361
遵义市,Zunyi,6707189.135466,22677,0.3381
